rider_id,rider_name,segment,signup_date
rider_0001,Fatima Memon,vip,2024-05-24
rider_0002,Sana Awan,casual,2024-02-19
rider_0003,Sara Farooqi,frequent,2024-11-23
rider_0004,Saad Sheikh,new,2024-09-13
rider_0005,Maria Awan,casual,2026-02-21
rider_0006,Nida Memon,frequent,2022-06-10
rider_0007,Hassan Qureshi,frequent,2025-04-08
rider_0008,Sara Sheikh,new,2024-02-17
rider_0009,Rabia Awan,new,2024-10-05
rider_0010,Sana Iqbal,casual,2023-03-27
rider_0011,Sana Chaudhry,casual,2025-01-14
rider_0012,Imran Ansari,casual,2025-10-10
rider_0013,Omar Qureshi,casual,2024-08-27
rider_0014,Usman Raza,vip,2025-05-25
rider_0015,Saad Memon,vip,2023-04-26
rider_0016,Sana Sheikh,frequent,2022-11-16
rider_0017,Imran Memon,new,2026-02-10
rider_0018,Bilal Chaudhry,casual,2024-08-17
rider_0019,Sara Awan,vip,2022-04-27
rider_0020,Omar Farooqi,frequent,2022-07-02
rider_0021,Saad Memon,frequent,2023-07-03
rider_0022,Imran Qureshi,new,2024-02-27
rider_0023,Maria Chaudhry,casual,2023-01-10
rider_0024,Hina Baig,casual,2025-08-20
rider_0025,Ali Farooqi,new,2022-05-07
rider_0026,Sara Memon,vip,2022-05-08
rider_0027,Hamza Malik,new,2023-07-21
rider_0028,Sana Hussain,new,2022-08-20
rider_0029,Rabia Khan,casual,2023-05-14
rider_0030,Ali Siddiqui,frequent,2023-10-14
rider_0031,Hassan Ansari,new,2026-06-03
rider_0032,Asad Memon,new,2025-08-02
rider_0033,Saad Raza,frequent,2022-06-26
rider_0034,Bilal Raza,casual,2022-10-24
rider_0035,Maria Sheikh,new,2024-09-11
rider_0036,Hassan Awan,vip,2025-11-06
rider_0037,Sara Malik,vip,2022-05-07
rider_0038,Ahmed Chaudhry,casual,2022-06-10
rider_0039,Asad Iqbal,vip,2024-01-25
rider_0040,Usman Butt,frequent,2022-11-11
rider_0041,Zain Malik,frequent,2025-07-24
rider_0042,Omar Farooqi,vip,2024-03-16
rider_0043,Hina Raza,frequent,2022-12-14
rider_0044,Bilal Iqbal,casual,2026-05-11
rider_0045,Fatima Malik,frequent,2024-05-15
rider_0046,Sana Baig,vip,2023-12-15
rider_0047,Imran Hussain,new,2024-10-14
rider_0048,Zain Ansari,new,2022-11-21
rider_0049,Saad Raza,casual,2022-03-28
rider_0050,Sana Ansari,vip,2022-03-03
rider_0051,Ayesha Chaudhry,frequent,2024-07-19
rider_0052,Ahmed Siddiqui,casual,2025-06-12
rider_0053,Omar Chaudhry,new,2026-03-17
rider_0054,Imran Iqbal,frequent,2024-04-04
rider_0055,Ali Baig,casual,2025-09-13
rider_0056,Rabia Malik,frequent,2024-12-15
rider_0057,Usman Siddiqui,frequent,2025-04-04
rider_0058,Sara Awan,new,2025-03-23
rider_0059,Omar Malik,frequent,2024-12-03
rider_0060,Rabia Memon,frequent,2024-03-23
rider_0061,Hassan Chaudhry,frequent,2026-04-04
rider_0062,Usman Chaudhry,casual,2023-08-01
rider_0063,Imran Memon,frequent,2025-09-05
rider_0064,Sana Farooqi,new,2022-05-13
rider_0065,Hina Memon,vip,2025-10-03
rider_0066,Sara Raza,new,2025-08-22
rider_0067,Asad Raza,casual,2026-11-19
rider_0068,Hassan Chaudhry,casual,2025-09-28
rider_0069,Ahmed Awan,new,2026-03-10
rider_0070,Hassan Sheikh,frequent,2023-06-17
rider_0071,Hamza Awan,new,2024-04-21
rider_0072,Rabia Butt,casual,2024-10-18
rider_0073,Bilal Memon,casual,2026-10-05
rider_0074,Hassan Ansari,frequent,2026-01-27
rider_0075,Ali Malik,new,2026-05-21
rider_0076,Usman Chaudhry,vip,2026-11-01
rider_0077,Hina Farooqi,frequent,2024-08-08
rider_0078,Saad Butt,vip,2022-12-02
rider_0079,Hassan Hussain,vip,2025-08-07
rider_0080,Maria Siddiqui,casual,2024-12-11
rider_0081,Imran Iqbal,casual,2024-09-18
rider_0082,Fatima Raza,casual,2025-02-09
rider_0083,Omar Qureshi,casual,2022-01-10
rider_0084,Saad Awan,vip,2023-03-27
rider_0085,Maria Farooqi,frequent,2023-03-16
rider_0086,Asad Hussain,vip,2024-08-01
rider_0087,Bilal Iqbal,vip,2023-04-19
rider_0088,Imran Khan,new,2024-08-20
rider_0089,Hina Butt,new,2022-07-05
rider_0090,Zain Baig,frequent,2025-06-02
rider_0091,Saad Khan,casual,2024-09-10
rider_0092,Bilal Iqbal,vip,2026-05-27
rider_0093,Sana Ansari,new,2023-02-13
rider_0094,Imran Chaudhry,frequent,2026-06-25
rider_0095,Sara Qureshi,vip,2026-01-02
rider_0096,Ahmed Sheikh,frequent,2025-09-15
rider_0097,Sara Siddiqui,casual,2024-10-11
rider_0098,Hassan Iqbal,frequent,2026-06-17
rider_0099,Asad Memon,vip,2026-05-16
rider_0100,Ali Raza,frequent,2022-07-19
rider_0101,Hamza Chaudhry,new,2026-08-09
rider_0102,Tariq Siddiqui,casual,2022-10-16
rider_0103,Hassan Memon,vip,2023-11-08
rider_0104,Ahmed Siddiqui,new,2023-01-15
rider_0105,Maria Iqbal,casual,2025-12-07
rider_0106,Nida Memon,vip,2022-12-05
rider_0107,Asad Qureshi,frequent,2025-09-13
rider_0108,Maria Sheikh,vip,2026-06-18
rider_0109,Imran Ansari,frequent,2026-08-07
rider_0110,Ayesha Butt,frequent,2023-05-25
rider_0111,Hamza Baig,casual,2025-06-16
rider_0112,Imran Memon,frequent,2024-02-19
rider_0113,Rabia Iqbal,vip,2024-03-10
rider_0114,Ahmed Butt,new,2024-08-21
rider_0115,Zain Baig,vip,2023-04-27
rider_0116,Rabia Butt,frequent,2023-02-20
rider_0117,Tariq Qureshi,casual,2022-11-17
rider_0118,Ayesha Ansari,casual,2022-02-14
rider_0119,Maria Baig,vip,2022-11-25
rider_0120,Sara Khan,casual,2025-11-16
rider_0121,Hina Ansari,casual,2024-06-10
rider_0122,Ahmed Farooqi,new,2026-04-18
rider_0123,Ahmed Farooqi,casual,2025-03-02
rider_0124,Saad Chaudhry,vip,2023-12-28
rider_0125,Hamza Farooqi,new,2022-05-19
rider_0126,Sana Malik,frequent,2024-08-21
rider_0127,Rabia Memon,vip,2023-09-15
rider_0128,Zain Qureshi,new,2024-03-24
rider_0129,Omar Ansari,frequent,2023-01-24
rider_0130,Maria Chaudhry,frequent,2026-11-25
rider_0131,Usman Sheikh,vip,2025-09-11
rider_0132,Bilal Iqbal,new,2023-03-16
rider_0133,Maria Farooqi,casual,2022-05-13
rider_0134,Ayesha Hussain,frequent,2024-05-19
rider_0135,Tariq Khan,frequent,2024-12-08
rider_0136,Ahmed Ansari,new,2025-05-06
rider_0137,Saad Ansari,frequent,2022-11-10
rider_0138,Imran Siddiqui,casual,2023-03-16
rider_0139,Sara Hussain,frequent,2025-12-18
rider_0140,Hina Chaudhry,casual,2023-11-25
rider_0141,Sana Awan,new,2026-08-17
rider_0142,Imran Malik,new,2022-09-17
rider_0143,Usman Siddiqui,casual,2023-06-28
rider_0144,Asad Hussain,new,2023-12-19
rider_0145,Hina Malik,vip,2022-08-05
rider_0146,Asad Iqbal,vip,2026-01-18
rider_0147,Omar Ansari,frequent,2022-07-09
rider_0148,Ali Baig,casual,2026-02-02
rider_0149,Nida Raza,new,2026-01-03
rider_0150,Hina Khan,frequent,2025-03-25
rider_0151,Sara Chaudhry,vip,2024-07-15
rider_0152,Saad Iqbal,new,2026-03-21
rider_0153,Imran Malik,casual,2026-07-17
rider_0154,Sara Baig,casual,2022-01-10
rider_0155,Omar Ansari,vip,2026-07-27
rider_0156,Ayesha Qureshi,vip,2024-03-09
rider_0157,Usman Farooqi,new,2022-11-14
rider_0158,Sana Chaudhry,new,2023-04-03
rider_0159,Fatima Siddiqui,new,2025-10-22
rider_0160,Ahmed Qureshi,new,2025-08-08
rider_0161,Rabia Qureshi,new,2023-09-10
rider_0162,Ayesha Awan,frequent,2026-10-25
rider_0163,Maria Qureshi,frequent,2023-11-17
rider_0164,Ayesha Iqbal,frequent,2024-01-18
rider_0165,Tariq Farooqi,casual,2025-09-16
rider_0166,Ahmed Raza,vip,2026-06-23
rider_0167,Nida Iqbal,casual,2024-07-06
rider_0168,Rabia Hussain,casual,2023-05-28
rider_0169,Sara Chaudhry,vip,2022-09-14
rider_0170,Nida Memon,casual,2025-04-09
rider_0171,Usman Raza,new,2025-06-03
rider_0172,Rabia Baig,casual,2022-05-13
rider_0173,Sana Siddiqui,new,2022-04-26
rider_0174,Tariq Baig,casual,2025-04-28
rider_0175,Maria Butt,new,2023-04-24
rider_0176,Fatima Baig,vip,2023-12-20
rider_0177,Usman Iqbal,casual,2026-06-25
rider_0178,Hamza Iqbal,vip,2026-11-12
rider_0179,Hamza Butt,frequent,2026-08-15
rider_0180,Fatima Chaudhry,vip,2024-04-12
rider_0181,Maria Iqbal,new,2026-04-24
rider_0182,Sara Khan,frequent,2026-10-19
rider_0183,Nida Butt,casual,2023-06-08
rider_0184,Saad Siddiqui,casual,2025-09-21
rider_0185,Maria Butt,vip,2025-08-06
rider_0186,Imran Sheikh,casual,2026-08-06
rider_0187,Rabia Ansari,new,2026-01-27
rider_0188,Bilal Awan,new,2022-07-05
rider_0189,Ayesha Malik,casual,2022-04-17
rider_0190,Omar Raza,new,2026-11-22
rider_0191,Sana Farooqi,vip,2025-01-01
rider_0192,Rabia Memon,vip,2022-01-17
rider_0193,Zain Memon,frequent,2022-09-27
rider_0194,Nida Chaudhry,casual,2022-02-17
rider_0195,Sara Qureshi,casual,2026-09-09
rider_0196,Imran Butt,vip,2022-06-13
rider_0197,Omar Siddiqui,casual,2023-05-22
rider_0198,Bilal Ansari,new,2022-07-13
rider_0199,Saad Memon,vip,2022-11-01
rider_0200,Hassan Malik,vip,2025-11-26
rider_0201,Maria Siddiqui,new,2026-01-08
rider_0202,Usman Farooqi,vip,2024-01-03
rider_0203,Zain Farooqi,new,2023-06-01
rider_0204,Usman Siddiqui,casual,2025-02-10
rider_0205,Hassan Siddiqui,casual,2026-07-22
rider_0206,Rabia Raza,vip,2023-12-24
rider_0207,Bilal Memon,frequent,2022-02-14
rider_0208,Ayesha Awan,new,2024-10-25
rider_0209,Sana Siddiqui,vip,2024-01-21
rider_0210,Zain Chaudhry,vip,2025-04-12
rider_0211,Rabia Iqbal,vip,2023-11-19
rider_0212,Saad Malik,frequent,2023-12-03
rider_0213,Bilal Butt,casual,2025-12-26
rider_0214,Sara Baig,vip,2024-06-04
rider_0215,Bilal Khan,frequent,2025-06-25
rider_0216,Zain Malik,casual,2022-03-14
rider_0217,Omar Memon,vip,2022-01-03
rider_0218,Imran Memon,new,2026-10-26
rider_0219,Maria Awan,vip,2022-05-14
rider_0220,Saad Chaudhry,new,2026-04-19
rider_0221,Asad Sheikh,vip,2023-03-09
rider_0222,Hamza Butt,vip,2023-02-06
rider_0223,Nida Butt,vip,2024-08-26
rider_0224,Bilal Raza,frequent,2023-12-21
rider_0225,Hina Siddiqui,casual,2025-02-05
rider_0226,Hamza Khan,vip,2024-10-13
rider_0227,Maria Hussain,frequent,2025-11-20
rider_0228,Sara Butt,frequent,2026-12-07
rider_0229,Hina Raza,casual,2025-06-10
rider_0230,Hina Siddiqui,casual,2024-07-09
rider_0231,Saad Raza,new,2026-04-19
rider_0232,Rabia Sheikh,new,2025-12-07
rider_0233,Omar Chaudhry,frequent,2022-07-22
rider_0234,Hina Sheikh,frequent,2023-05-22
rider_0235,Sara Baig,vip,2025-02-15
rider_0236,Sana Hussain,vip,2026-09-28
rider_0237,Nida Memon,new,2024-12-26
rider_0238,Rabia Siddiqui,new,2022-04-22
rider_0239,Imran Sheikh,new,2026-11-22
rider_0240,Saad Chaudhry,frequent,2025-02-01
rider_0241,Fatima Butt,casual,2026-12-17
rider_0242,Rabia Siddiqui,casual,2025-06-13
rider_0243,Omar Chaudhry,casual,2024-01-16
rider_0244,Fatima Butt,vip,2022-02-27
rider_0245,Sara Raza,frequent,2024-08-26
rider_0246,Usman Memon,vip,2024-08-04
rider_0247,Omar Baig,vip,2024-02-10
rider_0248,Ahmed Chaudhry,new,2022-06-21
rider_0249,Fatima Ansari,casual,2023-09-06
rider_0250,Rabia Sheikh,frequent,2026-07-15
rider_0251,Ayesha Chaudhry,vip,2023-03-21
rider_0252,Nida Iqbal,new,2026-04-15
rider_0253,Tariq Iqbal,vip,2022-12-07
rider_0254,Usman Butt,new,2026-02-26
rider_0255,Rabia Sheikh,frequent,2024-04-15
rider_0256,Fatima Butt,vip,2026-11-11
rider_0257,Sana Iqbal,vip,2026-02-12
rider_0258,Imran Awan,vip,2026-03-27
rider_0259,Hamza Farooqi,new,2023-06-04
rider_0260,Ayesha Butt,new,2023-06-23
rider_0261,Sara Memon,vip,2025-10-05
rider_0262,Tariq Iqbal,vip,2023-08-21
rider_0263,Rabia Baig,casual,2026-03-16
rider_0264,Hamza Sheikh,casual,2024-08-20
rider_0265,Ahmed Awan,frequent,2022-08-05
rider_0266,Usman Awan,vip,2026-09-21
rider_0267,Hina Iqbal,vip,2025-12-27
rider_0268,Omar Hussain,casual,2022-10-01
rider_0269,Ayesha Butt,new,2024-04-18
rider_0270,Hamza Sheikh,vip,2026-12-25
rider_0271,Hina Memon,new,2026-02-09
rider_0272,Rabia Awan,frequent,2026-01-25
rider_0273,Omar Memon,casual,2025-02-24
rider_0274,Ayesha Butt,new,2025-05-12
rider_0275,Bilal Hussain,new,2023-04-26
rider_0276,Tariq Baig,frequent,2026-11-14
rider_0277,Hassan Siddiqui,casual,2023-04-26
rider_0278,Ahmed Siddiqui,frequent,2026-05-20
rider_0279,Rabia Sheikh,frequent,2024-05-19
rider_0280,Zain Awan,new,2023-07-02
rider_0281,Zain Awan,casual,2023-04-05
rider_0282,Maria Awan,casual,2025-08-05
rider_0283,Tariq Ansari,frequent,2025-07-15
rider_0284,Bilal Ansari,new,2025-09-24
rider_0285,Zain Baig,frequent,2025-08-11
rider_0286,Tariq Khan,new,2025-11-22
rider_0287,Imran Awan,new,2026-07-07
rider_0288,Nida Awan,casual,2025-05-11
rider_0289,Hamza Raza,casual,2026-08-26
rider_0290,Maria Farooqi,new,2022-02-21
rider_0291,Omar Khan,new,2023-08-15
rider_0292,Ali Iqbal,casual,2023-11-10
rider_0293,Hassan Awan,frequent,2022-11-12
rider_0294,Zain Malik,frequent,2023-01-13
rider_0295,Hamza Baig,casual,2025-11-03
rider_0296,Fatima Khan,casual,2025-02-05
rider_0297,Tariq Qureshi,vip,2022-01-23
rider_0298,Maria Awan,new,2025-12-05
rider_0299,Hina Malik,casual,2025-02-24
rider_0300,Fatima Malik,frequent,2024-05-05
rider_0301,Saad Chaudhry,casual,2023-02-17
rider_0302,Tariq Khan,casual,2025-06-24
rider_0303,Usman Ansari,casual,2025-10-22
rider_0304,Omar Awan,casual,2022-02-05
rider_0305,Fatima Siddiqui,vip,2024-07-11
rider_0306,Sara Qureshi,frequent,2022-04-18
rider_0307,Sana Siddiqui,frequent,2022-11-10
rider_0308,Usman Memon,casual,2025-05-21
rider_0309,Ahmed Chaudhry,casual,2025-07-04
rider_0310,Ayesha Hussain,new,2026-01-12
rider_0311,Maria Sheikh,vip,2026-07-12
rider_0312,Rabia Ansari,casual,2025-02-01
rider_0313,Tariq Malik,new,2024-04-02
rider_0314,Ahmed Chaudhry,vip,2026-05-21
rider_0315,Asad Chaudhry,vip,2025-12-13
rider_0316,Bilal Ansari,casual,2024-02-10
rider_0317,Bilal Memon,casual,2023-09-11
rider_0318,Saad Siddiqui,new,2024-12-14
rider_0319,Ayesha Khan,casual,2022-07-04
rider_0320,Omar Siddiqui,new,2024-11-24
rider_0321,Hassan Malik,new,2023-12-01
rider_0322,Hassan Hussain,frequent,2026-09-26
rider_0323,Zain Sheikh,frequent,2023-12-25
rider_0324,Zain Baig,new,2022-06-26
rider_0325,Nida Butt,new,2024-12-19
rider_0326,Bilal Hussain,vip,2026-06-02
rider_0327,Hina Awan,casual,2024-03-09
rider_0328,Fatima Farooqi,new,2023-12-17
rider_0329,Ali Khan,new,2023-01-16
rider_0330,Imran Iqbal,casual,2023-01-18
rider_0331,Nida Qureshi,frequent,2023-07-24
rider_0332,Maria Butt,new,2026-06-04
rider_0333,Asad Ansari,new,2023-04-26
rider_0334,Asad Khan,vip,2022-08-28
rider_0335,Hamza Chaudhry,frequent,2024-02-18
rider_0336,Omar Khan,frequent,2023-05-19
rider_0337,Hamza Baig,casual,2025-06-19
rider_0338,Hina Chaudhry,casual,2026-04-05
rider_0339,Ali Farooqi,vip,2022-04-18
rider_0340,Imran Ansari,new,2024-01-25
rider_0341,Saad Awan,frequent,2022-04-17
rider_0342,Ayesha Iqbal,vip,2022-03-23
rider_0343,Zain Malik,new,2023-09-14
rider_0344,Imran Hussain,new,2026-02-17
rider_0345,Sara Ansari,vip,2022-10-19
rider_0346,Ahmed Iqbal,casual,2023-05-09
rider_0347,Maria Farooqi,vip,2024-06-15
rider_0348,Zain Qureshi,new,2023-03-25
rider_0349,Tariq Malik,casual,2022-03-15
rider_0350,Omar Raza,vip,2022-09-12
rider_0351,Usman Hussain,frequent,2025-05-28
rider_0352,Fatima Malik,casual,2024-12-23
rider_0353,Sana Khan,casual,2024-03-03
rider_0354,Ayesha Raza,vip,2026-01-22
rider_0355,Hamza Butt,casual,2022-07-28
rider_0356,Omar Memon,casual,2022-08-04
rider_0357,Sara Malik,new,2022-04-05
rider_0358,Usman Awan,vip,2024-11-21
rider_0359,Bilal Siddiqui,frequent,2022-01-03
rider_0360,Usman Farooqi,vip,2023-02-28
rider_0361,Maria Malik,new,2025-01-06
rider_0362,Tariq Iqbal,vip,2025-01-13
rider_0363,Nida Sheikh,frequent,2023-03-09
rider_0364,Zain Hussain,casual,2022-10-20
rider_0365,Sana Qureshi,frequent,2025-07-18
rider_0366,Hina Khan,new,2024-07-05
rider_0367,Nida Qureshi,casual,2026-01-13
rider_0368,Imran Hussain,vip,2024-10-17
rider_0369,Maria Iqbal,frequent,2023-01-11
rider_0370,Sana Qureshi,new,2024-01-26
rider_0371,Hina Memon,frequent,2026-04-06
rider_0372,Fatima Qureshi,casual,2024-09-27
rider_0373,Ahmed Chaudhry,casual,2026-07-12
rider_0374,Hassan Sheikh,casual,2026-06-26
rider_0375,Imran Farooqi,new,2024-10-19
rider_0376,Sara Siddiqui,casual,2025-09-10
rider_0377,Hassan Hussain,new,2022-01-08
rider_0378,Sana Qureshi,new,2026-08-01
rider_0379,Maria Farooqi,casual,2023-06-23
rider_0380,Hassan Farooqi,frequent,2022-01-05
rider_0381,Tariq Baig,casual,2022-09-28
rider_0382,Imran Malik,frequent,2025-10-04
rider_0383,Maria Butt,frequent,2023-03-24
rider_0384,Nida Chaudhry,vip,2024-03-23
rider_0385,Rabia Baig,frequent,2023-11-19
rider_0386,Hassan Iqbal,frequent,2024-03-06
rider_0387,Ali Baig,vip,2026-01-06
rider_0388,Sana Raza,casual,2026-02-16
rider_0389,Sara Raza,new,2023-06-11
rider_0390,Hassan Ansari,new,2024-08-01
rider_0391,Zain Qureshi,casual,2022-06-09
rider_0392,Fatima Baig,new,2022-07-15
rider_0393,Nida Sheikh,vip,2025-07-12
rider_0394,Rabia Iqbal,new,2025-10-21
rider_0395,Ayesha Sheikh,vip,2022-01-10
rider_0396,Ali Raza,frequent,2022-02-11
rider_0397,Hassan Farooqi,vip,2023-12-03
rider_0398,Rabia Farooqi,new,2024-10-20
rider_0399,Hina Baig,new,2025-11-06
rider_0400,Sana Farooqi,vip,2023-01-04
rider_0401,Maria Qureshi,casual,2025-12-18
rider_0402,Rabia Butt,frequent,2024-04-04
rider_0403,Ahmed Iqbal,vip,2023-01-12
rider_0404,Ali Iqbal,new,2024-11-21
rider_0405,Sana Hussain,casual,2022-01-07
rider_0406,Hassan Ansari,frequent,2022-08-28
rider_0407,Fatima Butt,vip,2025-08-22
rider_0408,Zain Malik,vip,2023-06-13
rider_0409,Imran Sheikh,vip,2022-05-15
rider_0410,Omar Butt,casual,2024-10-02
rider_0411,Sara Chaudhry,new,2022-11-12
rider_0412,Rabia Iqbal,casual,2026-01-27
rider_0413,Saad Awan,vip,2026-11-28
rider_0414,Hina Siddiqui,casual,2025-05-03
rider_0415,Saad Farooqi,new,2026-10-17
rider_0416,Tariq Ansari,casual,2022-08-06
rider_0417,Hassan Qureshi,casual,2023-01-14
rider_0418,Bilal Ansari,vip,2023-11-05
rider_0419,Sana Butt,frequent,2022-02-13
rider_0420,Rabia Iqbal,frequent,2024-09-15
rider_0421,Ali Chaudhry,vip,2022-07-05
rider_0422,Sara Siddiqui,new,2022-10-25
rider_0423,Fatima Chaudhry,frequent,2026-06-14
rider_0424,Zain Iqbal,vip,2026-10-16
rider_0425,Ahmed Sheikh,frequent,2025-03-20
rider_0426,Sana Ansari,vip,2022-07-11
rider_0427,Ayesha Khan,vip,2024-06-01
rider_0428,Maria Awan,frequent,2024-05-27
rider_0429,Hina Awan,new,2023-03-10
rider_0430,Omar Chaudhry,frequent,2024-12-14
rider_0431,Sana Ansari,new,2023-08-07
rider_0432,Nida Baig,vip,2026-06-27
rider_0433,Ahmed Memon,casual,2022-05-23
rider_0434,Asad Iqbal,casual,2026-10-01
rider_0435,Hassan Qureshi,casual,2022-04-02
rider_0436,Omar Khan,frequent,2023-05-12
rider_0437,Omar Memon,vip,2022-11-01
rider_0438,Ayesha Raza,vip,2026-08-06
rider_0439,Hina Siddiqui,frequent,2024-03-27
rider_0440,Zain Baig,new,2024-01-13
rider_0441,Ahmed Sheikh,casual,2023-11-08
rider_0442,Usman Butt,vip,2026-01-28
rider_0443,Ali Hussain,casual,2023-10-26
rider_0444,Ali Qureshi,frequent,2026-05-23
rider_0445,Zain Iqbal,vip,2024-08-09
rider_0446,Usman Hussain,frequent,2026-10-13
rider_0447,Tariq Malik,new,2026-11-27
rider_0448,Imran Memon,frequent,2024-11-04
rider_0449,Hina Malik,frequent,2024-11-11
rider_0450,Zain Butt,frequent,2023-03-17
rider_0451,Ayesha Farooqi,new,2026-07-22
rider_0452,Maria Ansari,casual,2022-11-16
rider_0453,Hamza Butt,vip,2025-07-24
rider_0454,Ahmed Siddiqui,casual,2024-12-23
rider_0455,Ayesha Ansari,vip,2024-09-10
rider_0456,Hassan Awan,casual,2024-02-16
rider_0457,Sara Baig,frequent,2026-03-22
rider_0458,Maria Ansari,new,2023-06-08
rider_0459,Hamza Iqbal,frequent,2024-05-19
rider_0460,Hamza Hussain,new,2025-01-28
rider_0461,Tariq Siddiqui,new,2025-04-17
rider_0462,Fatima Awan,vip,2026-05-14
rider_0463,Ahmed Awan,casual,2023-04-11
rider_0464,Nida Siddiqui,vip,2023-06-28
rider_0465,Hassan Chaudhry,new,2025-06-21
rider_0466,Hassan Raza,new,2022-08-09
rider_0467,Usman Chaudhry,casual,2026-03-16
rider_0468,Bilal Sheikh,vip,2025-07-14
rider_0469,Hina Iqbal,new,2022-09-07
rider_0470,Imran Khan,frequent,2026-04-01
rider_0471,Ali Ansari,casual,2023-12-12
rider_0472,Hamza Sheikh,new,2025-09-19
rider_0473,Hamza Sheikh,new,2022-05-10
rider_0474,Omar Baig,frequent,2025-11-05
rider_0475,Maria Farooqi,vip,2024-04-06
rider_0476,Saad Khan,casual,2023-12-05
rider_0477,Usman Baig,new,2026-09-06
rider_0478,Fatima Raza,new,2025-11-09
rider_0479,Rabia Siddiqui,new,2026-01-22
rider_0480,Fatima Ansari,new,2022-12-04
rider_0481,Nida Hussain,vip,2022-09-09
rider_0482,Hina Baig,casual,2023-12-22
rider_0483,Ali Butt,vip,2022-11-17
rider_0484,Zain Siddiqui,casual,2025-02-17
rider_0485,Sana Malik,frequent,2022-02-16
rider_0486,Usman Siddiqui,casual,2024-09-07
rider_0487,Imran Baig,vip,2024-03-02
rider_0488,Rabia Hussain,casual,2025-06-08
rider_0489,Ali Khan,new,2022-10-22
rider_0490,Hina Sheikh,new,2026-02-24
rider_0491,Fatima Farooqi,frequent,2023-08-10
rider_0492,Zain Hussain,new,2022-03-28
rider_0493,Ahmed Awan,frequent,2024-11-11
rider_0494,Nida Baig,new,2022-01-01
rider_0495,Sara Ansari,casual,2024-06-15
rider_0496,Sana Butt,new,2024-06-06
rider_0497,Fatima Iqbal,vip,2025-05-27
rider_0498,Saad Baig,vip,2025-11-26
rider_0499,Hassan Malik,casual,2022-03-04
rider_0500,Nida Farooqi,vip,2026-11-15
